{
  "run_dir": "/scratch/jsanchoz/MARTA/experiments/marta_classifier/marta_slide_split_v1/mlp_h256_d0.5_stack_dual_20260403_180643",
  "run_name": "mlp_h256_d0.5_stack_dual",
  "head": "mlp",
  "hidden": 256,
  "dropout": 0.5,
  "input_mode": "stack",
  "fusion": "dual",
  "best_ckpt": "experiments/marta_classifier/marta_slide_split_v1/mlp_h256_d0.5_stack_dual_20260403_180643/best_stage3_full.pth",
  "best_stage": "stage3",
  "best_val_metrics_during_training": {
    "val_loss": 0.05988616452497594,
    "auc": 0.8022222222222222,
    "prec1": 0.5,
    "rec1": 0.5,
    "prec0": 0.82,
    "rec0": 0.82
  },
  "train": {
    "roc_auc": 0.9767757507003448,
    "pr_auc": 0.9555915241081433,
    "prec1": 0.9024390243902439,
    "rec1": 0.8856382978723404,
    "prec0": 0.9306078536847767,
    "rec0": 0.941240478781284,
    "threshold": 0.5
  },
  "val": {
    "roc_auc": 0.8022222222222222,
    "pr_auc": 0.5923683844719276,
    "prec1": 0.5,
    "rec1": 0.5,
    "prec0": 0.82,
    "rec0": 0.82,
    "threshold": 0.5
  },
  "test": {
    "roc_auc": 0.9048353909465021,
    "pr_auc": 0.8102428647660065,
    "prec1": 0.7272727272727273,
    "rec1": 0.6666666666666666,
    "prec0": 0.9036144578313253,
    "rec0": 0.9259259259259259,
    "threshold": 0.5
  },
  "roc_train_path": "experiments/marta_classifier/marta_slide_split_v1/mlp_h256_d0.5_stack_dual_20260403_180643/roc_train.png",
  "roc_val_path": "experiments/marta_classifier/marta_slide_split_v1/mlp_h256_d0.5_stack_dual_20260403_180643/roc_val.png",
  "roc_test_path": "experiments/marta_classifier/marta_slide_split_v1/mlp_h256_d0.5_stack_dual_20260403_180643/roc_test.png",
  "split_info": {
    "n_total": 3139,
    "n_train": 2966,
    "n_val": 68,
    "n_test": 105
  },
  "config": {
    "split_tag": "marta_slide_split_v1",
    "experiment_tag": "slide",
    "random_seed": 42,
    "batch_size": 16,
    "num_workers": 1,
    "input_mode": "stack",
    "fusion": "dual",
    "resize_to": 384,
    "stage1_epochs": 6,
    "stage2_epochs": 4,
    "stage3_epochs": 10,
    "k_unf": 2,
    "head_lr": 0.0009826069601802311,
    "last_lr": 0.00034391243606308097,
    "rest_lr": 0.00011452284120900598,
    "weight_decay": 0.0001,
    "class1_bonus": 1.1,
    "decision_threshold": 0.5,
    "head_kind": "mlp",
    "hidden": 256,
    "dropout": 0.5,
    "expert_mode": true,
    "expert_config_path": "/scratch/jsanchoz/MARTA/configs/expert/wandb_slide.yaml",
    "use_precomputed_split": true,
    "split_dir": "/scratch/jsanchoz/MARTA/experiments/data_splits/marta_slide_split_v1"
  }
}